table_name,column_name,rows,null_or_blank_rows,null_or_blank_rate
basin_attributes_curated.csv,river,240,0,0.0
basin_attributes_curated.csv,upstream_area_km2,240,0,0.0
basin_attributes_curated.csv,n_upstream_subbasins,240,0,0.0
basin_attributes_curated.csv,basin_id,240,0,0.0
basin_attributes_curated.csv,pfaf_id,240,0,0.0
basin_attributes_curated.csv,attribute_name,240,0,0.0
basin_attributes_curated.csv,attribute_value,240,0,0.0
basin_attributes_curated.csv,attribute_unit_if_known,240,240,1.0
basin_attributes_curated.csv,attribute_category,240,0,0.0
basin_attributes_curated.csv,aggregation_method,240,0,0.0
basin_attributes_curated.csv,model_use,240,0,0.0
basin_attributes_curated.csv,mechanism_use,240,0,0.0
basin_attributes_curated.csv,needs_area_weighted_refinement,240,0,0.0
basin_attributes_curated.csv,source_field,240,0,0.0
basin_attributes_curated.csv,source_id,240,0,0.0
basin_attributes_curated.csv,quality_flag,240,0,0.0
basin_attributes_curated.csv,notes,240,0,0.0
basin_attributes_curated_wide.csv,river,6,0,0.0
basin_attributes_curated_wide.csv,basin_SUB_AREA,6,0,0.0
basin_attributes_curated_wide.csv,basin_UP_AREA,6,0,0.0
basin_attributes_curated_wide.csv,basin_dis_m3_pmn,6,0,0.0
basin_attributes_curated_wide.csv,basin_dis_m3_pmx,6,0,0.0
basin_attributes_curated_wide.csv,basin_dis_m3_pyr,6,0,0.0
basin_attributes_curated_wide.csv,basin_dor_pc_pva,6,0,0.0
basin_attributes_curated_wide.csv,basin_ele_mt_sav,6,0,0.0
basin_attributes_curated_wide.csv,basin_ele_mt_smn,6,0,0.0
basin_attributes_curated_wide.csv,basin_ele_mt_smx,6,0,0.0
basin_attributes_curated_wide.csv,basin_ele_mt_uav,6,0,0.0
basin_attributes_curated_wide.csv,basin_gwt_cm_sav,6,0,0.0
basin_attributes_curated_wide.csv,basin_inu_pc_slt,6,0,0.0
basin_attributes_curated_wide.csv,basin_inu_pc_smn,6,0,0.0
basin_attributes_curated_wide.csv,basin_inu_pc_smx,6,0,0.0
basin_attributes_curated_wide.csv,basin_inu_pc_ult,6,0,0.0
basin_attributes_curated_wide.csv,basin_inu_pc_umn,6,0,0.0
basin_attributes_curated_wide.csv,basin_inu_pc_umx,6,0,0.0
basin_attributes_curated_wide.csv,basin_lka_pc_sse,6,0,0.0
basin_attributes_curated_wide.csv,basin_lka_pc_use,6,0,0.0
basin_attributes_curated_wide.csv,basin_lkv_mc_usu,6,0,0.0
basin_attributes_curated_wide.csv,basin_rev_mc_usu,6,0,0.0
basin_attributes_curated_wide.csv,basin_ria_ha_ssu,6,0,0.0
basin_attributes_curated_wide.csv,basin_ria_ha_usu,6,0,0.0
basin_attributes_curated_wide.csv,basin_riv_tc_ssu,6,0,0.0
basin_attributes_curated_wide.csv,basin_riv_tc_usu,6,0,0.0
basin_attributes_curated_wide.csv,basin_run_mm_syr,6,0,0.0
basin_attributes_curated_wide.csv,basin_sgr_dk_sav,6,0,0.0
basin_attributes_curated_wide.csv,basin_slp_dg_sav,6,0,0.0
basin_attributes_curated_wide.csv,basin_slp_dg_uav,6,0,0.0
basin_context_gold.csv,river,6,0,0.0
basin_context_gold.csv,basin_id,6,0,0.0
basin_context_gold.csv,geometry_source,6,0,0.0
basin_context_gold.csv,upstream_area_km2,6,0,0.0
basin_context_gold.csv,pfaf_id,6,0,0.0
basin_context_gold.csv,attribute_source,6,0,0.0
basin_context_gold.csv,hydroatlas_attributes_json,6,0,0.0
basin_context_gold.csv,landcover_attributes_json,6,0,0.0
basin_context_gold.csv,climate_aggregation_notes,6,0,0.0
basin_context_gold.csv,source_id,6,0,0.0
basin_context_gold.csv,quality_flag,6,0,0.0
basin_context_gold.csv,notes,6,0,0.0
daily_discharge_gold.csv,river,154370,0,0.0
daily_discharge_gold.csv,station,154370,0,0.0
daily_discharge_gold.csv,date,154370,0,0.0
daily_discharge_gold.csv,Q_m3s,154370,7184,0.04653753967739846
daily_discharge_gold.csv,source_id,154370,0,0.0
daily_discharge_gold.csv,dataset_version,154370,0,0.0
daily_discharge_gold.csv,original_value,154370,7184,0.04653753967739846
daily_discharge_gold.csv,original_unit,154370,0,0.0
daily_discharge_gold.csv,quality_flag,154370,17717,0.11476970914037701
daily_discharge_gold.csv,provenance_tier,154370,0,0.0
daily_discharge_gold.csv,is_primary_discharge,154370,0,0.0
daily_discharge_gold.csv,duplicate_group_id,154370,154370,1.0
daily_discharge_gold.csv,notes,154370,0,0.0
daily_hydroclimate_gold.csv,river,52726,0,0.0
daily_hydroclimate_gold.csv,date,52726,0,0.0
daily_hydroclimate_gold.csv,aggregation_geometry,52726,0,0.0
daily_hydroclimate_gold.csv,aggregation_geometry_id,52726,0,0.0
daily_hydroclimate_gold.csv,temperature_2m_C,52726,1041,0.019743580017448695
daily_hydroclimate_gold.csv,precipitation_m,52726,1041,0.019743580017448695
daily_hydroclimate_gold.csv,snow_depth_m,52726,1041,0.019743580017448695
daily_hydroclimate_gold.csv,snowmelt_m,52726,1041,0.019743580017448695
daily_hydroclimate_gold.csv,surface_runoff_m,52726,1041,0.019743580017448695
daily_hydroclimate_gold.csv,subsurface_runoff_m,52726,5241,0.09940067518871146
daily_hydroclimate_gold.csv,total_runoff_m,52726,5241,0.09940067518871146
daily_hydroclimate_gold.csv,positive_degree_day_Cday,52726,1041,0.019743580017448695
daily_hydroclimate_gold.csv,snow_cover_fraction,52726,19049,0.3612828585517581
daily_hydroclimate_gold.csv,snow_depletion_rate_7d,52726,26215,0.497193035693965
daily_hydroclimate_gold.csv,source_id_temperature,52726,1041,0.019743580017448695
daily_hydroclimate_gold.csv,source_id_snow,52726,19049,0.3612828585517581
daily_hydroclimate_gold.csv,source_id_runoff,52726,1041,0.019743580017448695
daily_hydroclimate_gold.csv,quality_flag,52726,0,0.0
daily_hydroclimate_gold.csv,notes,52726,0,0.0
doc_labels_gold.csv,label_id,547,0,0.0
doc_labels_gold.csv,source_id,547,0,0.0
doc_labels_gold.csv,dataset_version,547,0,0.0
doc_labels_gold.csv,river,547,0,0.0
doc_labels_gold.csv,station,547,0,0.0
doc_labels_gold.csv,date,547,0,0.0
doc_labels_gold.csv,year,547,0,0.0
doc_labels_gold.csv,doy,547,0,0.0
doc_labels_gold.csv,latitude,547,0,0.0
doc_labels_gold.csv,longitude,547,0,0.0
doc_labels_gold.csv,parameter_canonical,547,0,0.0
doc_labels_gold.csv,value_mgC_L,547,0,0.0
doc_labels_gold.csv,original_value,547,0,0.0
doc_labels_gold.csv,original_unit,547,0,0.0
doc_labels_gold.csv,sample_id,547,193,0.35283363802559414
doc_labels_gold.csv,method,547,0,0.0
doc_labels_gold.csv,medium,547,0,0.0
doc_labels_gold.csv,fraction,547,0,0.0
doc_labels_gold.csv,quality_flag,547,0,0.0
doc_labels_gold.csv,provenance_tier,547,0,0.0
doc_labels_gold.csv,usability_tier,547,0,0.0
doc_labels_gold.csv,can_train_doc_model,547,0,0.0
doc_labels_gold.csv,can_train_daily_flux_model,547,0,0.0
doc_labels_gold.csv,is_toc_not_doc,547,0,0.0
doc_labels_gold.csv,is_duplicate,547,0,0.0
doc_labels_gold.csv,duplicate_group_id,547,0,0.0
doc_labels_gold.csv,preferred_record,547,0,0.0
doc_labels_gold.csv,exclusion_reason,547,547,1.0
doc_labels_gold.csv,notes,547,0,0.0
lab_optical_proxy_gold.csv,optical_lab_id,882,0,0.0
lab_optical_proxy_gold.csv,source_id,882,0,0.0
lab_optical_proxy_gold.csv,dataset_version,882,0,0.0
lab_optical_proxy_gold.csv,river,882,0,0.0
lab_optical_proxy_gold.csv,station,882,0,0.0
lab_optical_proxy_gold.csv,date,882,0,0.0
lab_optical_proxy_gold.csv,sample_id,882,534,0.6054421768707483
lab_optical_proxy_gold.csv,A254,882,0,0.0
lab_optical_proxy_gold.csv,A350,882,440,0.4988662131519274
lab_optical_proxy_gold.csv,A355,882,440,0.4988662131519274
lab_optical_proxy_gold.csv,A375,882,0,0.0
lab_optical_proxy_gold.csv,A412,882,0,0.0
lab_optical_proxy_gold.csv,A420,882,0,0.0
lab_optical_proxy_gold.csv,A440,882,0,0.0
lab_optical_proxy_gold.csv,SUVA254,882,443,0.5022675736961452
lab_optical_proxy_gold.csv,spectral_slope_275_295,882,882,1.0
lab_optical_proxy_gold.csv,spectral_slope_350_400,882,442,0.5011337868480725
lab_optical_proxy_gold.csv,units,882,0,0.0
lab_optical_proxy_gold.csv,method,882,0,0.0
lab_optical_proxy_gold.csv,quality_flag,882,442,0.5011337868480725
lab_optical_proxy_gold.csv,can_be_daily_predictor,882,0,0.0
lab_optical_proxy_gold.csv,can_be_optical_validation,882,0,0.0
lab_optical_proxy_gold.csv,notes,882,0,0.0
optical_match_candidates_0d.csv,label_id,1307,0,0.0
optical_match_candidates_0d.csv,river,1307,0,0.0
optical_match_candidates_0d.csv,sample_date,1307,0,0.0
optical_match_candidates_0d.csv,optical_date,1307,0,0.0
optical_match_candidates_0d.csv,days_offset,1307,0,0.0
optical_match_candidates_0d.csv,abs_days_offset,1307,0,0.0
optical_match_candidates_0d.csv,sensor,1307,0,0.0
optical_match_candidates_0d.csv,collection,1307,0,0.0
optical_match_candidates_0d.csv,image_id,1307,0,0.0
optical_match_candidates_0d.csv,roi_set,1307,0,0.0
optical_match_candidates_0d.csv,source_id,1307,0,0.0
optical_match_candidates_0d.csv,quality_flag,1307,0,0.0
optical_match_candidates_0d.csv,blue,1307,1069,0.8179035960214232
optical_match_candidates_0d.csv,green,1307,1069,0.8179035960214232
optical_match_candidates_0d.csv,red,1307,1069,0.8179035960214232
optical_match_candidates_0d.csv,nir,1307,1069,0.8179035960214232
optical_match_candidates_0d.csv,swir1,1307,1069,0.8179035960214232
optical_match_candidates_0d.csv,swir2,1307,1069,0.8179035960214232
optical_match_candidates_0d.csv,ndwi,1307,1070,0.8186687069625096
optical_match_candidates_0d.csv,mndwi,1307,1070,0.8186687069625096
optical_match_candidates_0d.csv,red_green_ratio,1307,1070,0.8186687069625096
optical_match_candidates_0d.csv,green_blue_ratio,1307,1070,0.8186687069625096
optical_match_candidates_0d.csv,n_valid_water_pixels,1307,0,0.0
optical_match_candidates_0d.csv,n_total_pixels,1307,449,0.3435348125478194
optical_match_candidates_0d.csv,pct_valid_water_pixels,1307,449,0.3435348125478194
optical_match_candidates_0d.csv,candidate_rank,1307,0,0.0
optical_match_candidates_0d.csv,candidate_selection_reason,1307,0,0.0
optical_match_candidates_1d.csv,label_id,4085,0,0.0
optical_match_candidates_1d.csv,river,4085,0,0.0
optical_match_candidates_1d.csv,sample_date,4085,0,0.0
optical_match_candidates_1d.csv,optical_date,4085,0,0.0
optical_match_candidates_1d.csv,days_offset,4085,0,0.0
optical_match_candidates_1d.csv,abs_days_offset,4085,0,0.0
optical_match_candidates_1d.csv,sensor,4085,0,0.0
optical_match_candidates_1d.csv,collection,4085,0,0.0
optical_match_candidates_1d.csv,image_id,4085,0,0.0
optical_match_candidates_1d.csv,roi_set,4085,0,0.0
optical_match_candidates_1d.csv,source_id,4085,0,0.0
optical_match_candidates_1d.csv,quality_flag,4085,0,0.0
optical_match_candidates_1d.csv,blue,4085,3476,0.8509179926560587
optical_match_candidates_1d.csv,green,4085,3476,0.8509179926560587
optical_match_candidates_1d.csv,red,4085,3476,0.8509179926560587
optical_match_candidates_1d.csv,nir,4085,3476,0.8509179926560587
optical_match_candidates_1d.csv,swir1,4085,3476,0.8509179926560587
optical_match_candidates_1d.csv,swir2,4085,3476,0.8509179926560587
optical_match_candidates_1d.csv,ndwi,4085,3484,0.8528763769889841
optical_match_candidates_1d.csv,mndwi,4085,3484,0.8528763769889841
optical_match_candidates_1d.csv,red_green_ratio,4085,3484,0.8528763769889841
optical_match_candidates_1d.csv,green_blue_ratio,4085,3484,0.8528763769889841
optical_match_candidates_1d.csv,n_valid_water_pixels,4085,0,0.0
optical_match_candidates_1d.csv,n_total_pixels,4085,1430,0.35006119951040393
optical_match_candidates_1d.csv,pct_valid_water_pixels,4085,1430,0.35006119951040393
optical_match_candidates_1d.csv,candidate_rank,4085,0,0.0
optical_match_candidates_1d.csv,candidate_selection_reason,4085,0,0.0
optical_match_candidates_3d.csv,label_id,9611,0,0.0
optical_match_candidates_3d.csv,river,9611,0,0.0
optical_match_candidates_3d.csv,sample_date,9611,0,0.0
optical_match_candidates_3d.csv,optical_date,9611,0,0.0
optical_match_candidates_3d.csv,days_offset,9611,0,0.0
optical_match_candidates_3d.csv,abs_days_offset,9611,0,0.0
optical_match_candidates_3d.csv,sensor,9611,0,0.0
optical_match_candidates_3d.csv,collection,9611,0,0.0
optical_match_candidates_3d.csv,image_id,9611,0,0.0
optical_match_candidates_3d.csv,roi_set,9611,0,0.0
optical_match_candidates_3d.csv,source_id,9611,0,0.0
optical_match_candidates_3d.csv,quality_flag,9611,0,0.0
optical_match_candidates_3d.csv,blue,9611,8310,0.8646342732285922
optical_match_candidates_3d.csv,green,9611,8308,0.8644261783373218
optical_match_candidates_3d.csv,red,9611,8308,0.8644261783373218
optical_match_candidates_3d.csv,nir,9611,8308,0.8644261783373218
optical_match_candidates_3d.csv,swir1,9611,8308,0.8644261783373218
optical_match_candidates_3d.csv,swir2,9611,8308,0.8644261783373218
optical_match_candidates_3d.csv,ndwi,9611,8330,0.8667152221412965
optical_match_candidates_3d.csv,mndwi,9611,8330,0.8667152221412965
optical_match_candidates_3d.csv,red_green_ratio,9611,8330,0.8667152221412965
optical_match_candidates_3d.csv,green_blue_ratio,9611,8332,0.8669233170325669
optical_match_candidates_3d.csv,n_valid_water_pixels,9611,0,0.0
optical_match_candidates_3d.csv,n_total_pixels,9611,3405,0.3542815523878889
optical_match_candidates_3d.csv,pct_valid_water_pixels,9611,3405,0.3542815523878889
optical_match_candidates_3d.csv,candidate_rank,9611,0,0.0
optical_match_candidates_3d.csv,candidate_selection_reason,9611,0,0.0
optical_match_candidates_7d.csv,label_id,21109,0,0.0
optical_match_candidates_7d.csv,river,21109,0,0.0
optical_match_candidates_7d.csv,sample_date,21109,0,0.0
optical_match_candidates_7d.csv,optical_date,21109,0,0.0
optical_match_candidates_7d.csv,days_offset,21109,0,0.0
optical_match_candidates_7d.csv,abs_days_offset,21109,0,0.0
optical_match_candidates_7d.csv,sensor,21109,0,0.0
optical_match_candidates_7d.csv,collection,21109,0,0.0
optical_match_candidates_7d.csv,image_id,21109,0,0.0
optical_match_candidates_7d.csv,roi_set,21109,0,0.0
optical_match_candidates_7d.csv,source_id,21109,0,0.0
optical_match_candidates_7d.csv,quality_flag,21109,0,0.0
optical_match_candidates_7d.csv,blue,21109,18374,0.8704344118622389
optical_match_candidates_7d.csv,green,21109,18372,0.8703396655455019
optical_match_candidates_7d.csv,red,21109,18372,0.8703396655455019
optical_match_candidates_7d.csv,nir,21109,18372,0.8703396655455019
optical_match_candidates_7d.csv,swir1,21109,18372,0.8703396655455019
optical_match_candidates_7d.csv,swir2,21109,18372,0.8703396655455019
optical_match_candidates_7d.csv,ndwi,21109,18420,0.8726135771471885
optical_match_candidates_7d.csv,mndwi,21109,18420,0.8726135771471885
optical_match_candidates_7d.csv,red_green_ratio,21109,18420,0.8726135771471885
optical_match_candidates_7d.csv,green_blue_ratio,21109,18422,0.8727083234639254
optical_match_candidates_7d.csv,n_valid_water_pixels,21109,0,0.0
optical_match_candidates_7d.csv,n_total_pixels,21109,7527,0.3565777630394618
optical_match_candidates_7d.csv,pct_valid_water_pixels,21109,7527,0.3565777630394618
optical_match_candidates_7d.csv,candidate_rank,21109,0,0.0
optical_match_candidates_7d.csv,candidate_selection_reason,21109,0,0.0
optical_timeseries_gold.csv,river,142058,0,0.0
optical_timeseries_gold.csv,date,142058,0,0.0
optical_timeseries_gold.csv,datetime,142058,0,0.0
optical_timeseries_gold.csv,sensor,142058,0,0.0
optical_timeseries_gold.csv,collection,142058,0,0.0
optical_timeseries_gold.csv,processing_level,142058,0,0.0
optical_timeseries_gold.csv,roi_set,142058,0,0.0
optical_timeseries_gold.csv,pixel_size_m,142058,0,0.0
optical_timeseries_gold.csv,blue,142058,123973,0.8726928437680385
optical_timeseries_gold.csv,green,142058,123970,0.8726717256331921
optical_timeseries_gold.csv,red,142058,123970,0.8726717256331921
optical_timeseries_gold.csv,nir,142058,123970,0.8726717256331921
optical_timeseries_gold.csv,swir1,142058,123970,0.8726717256331921
optical_timeseries_gold.csv,swir2,142058,123970,0.8726717256331921
optical_timeseries_gold.csv,ndwi,142058,124277,0.8748328147657999
optical_timeseries_gold.csv,mndwi,142058,124277,0.8748328147657999
optical_timeseries_gold.csv,red_green_ratio,142058,124277,0.8748328147657999
optical_timeseries_gold.csv,green_blue_ratio,142058,124280,0.8748539329006462
optical_timeseries_gold.csv,n_valid_water_pixels,142058,0,0.0
optical_timeseries_gold.csv,n_total_pixels,142058,47067,0.3313224176040772
optical_timeseries_gold.csv,pct_valid_water_pixels,142058,47067,0.3313224176040772
optical_timeseries_gold.csv,cloud_snow_water_mask_method,142058,0,0.0
optical_timeseries_gold.csv,image_id,142058,0,0.0
optical_timeseries_gold.csv,source_id,142058,0,0.0
optical_timeseries_gold.csv,quality_flag,142058,0,0.0
optical_timeseries_gold.csv,is_primary_optical_row,142058,0,0.0
optical_timeseries_gold.csv,notes,142058,0,0.0
prediction_grid_daily_hydrocore.csv,river,52594,0,0.0
prediction_grid_daily_hydrocore.csv,date,52594,0,0.0
prediction_grid_daily_hydrocore.csv,year,52594,0,0.0
prediction_grid_daily_hydrocore.csv,doy,52594,0,0.0
prediction_grid_daily_hydrocore.csv,Q_m3s,52594,891,0.016941095942502947
prediction_grid_daily_hydrocore.csv,sin_doy,52594,0,0.0
prediction_grid_daily_hydrocore.csv,cos_doy,52594,0,0.0
prediction_grid_daily_hydrocore.csv,temperature_2m_C,52594,1041,0.01979313229645967
prediction_grid_daily_hydrocore.csv,positive_degree_day_Cday,52594,1041,0.01979313229645967
prediction_grid_daily_hydrocore.csv,snow_cover_fraction,52594,18948,0.3602692322318135
prediction_grid_daily_hydrocore.csv,snow_depletion_rate_7d,52594,26099,0.4962353120127771
prediction_grid_daily_hydrocore.csv,surface_runoff_m,52594,1041,0.01979313229645967
prediction_grid_daily_hydrocore.csv,source_id_discharge,52594,0,0.0
prediction_grid_daily_hydrocore.csv,source_id_hydroclimate,52594,1041,0.01979313229645967
prediction_grid_daily_hydrocore.csv,quality_flag_discharge,52594,9571,0.1819789329581321
prediction_grid_daily_hydrocore.csv,quality_flag_hydroclimate,52594,0,0.0
prediction_grid_daily_with_basin_context.csv,river,52594,0,0.0
prediction_grid_daily_with_basin_context.csv,date,52594,0,0.0
prediction_grid_daily_with_basin_context.csv,year,52594,0,0.0
prediction_grid_daily_with_basin_context.csv,doy,52594,0,0.0
prediction_grid_daily_with_basin_context.csv,Q_m3s,52594,891,0.016941095942502947
prediction_grid_daily_with_basin_context.csv,sin_doy,52594,0,0.0
prediction_grid_daily_with_basin_context.csv,cos_doy,52594,0,0.0
prediction_grid_daily_with_basin_context.csv,temperature_2m_C,52594,1041,0.01979313229645967
prediction_grid_daily_with_basin_context.csv,positive_degree_day_Cday,52594,1041,0.01979313229645967
prediction_grid_daily_with_basin_context.csv,snow_cover_fraction,52594,18948,0.3602692322318135
prediction_grid_daily_with_basin_context.csv,snow_depletion_rate_7d,52594,26099,0.4962353120127771
prediction_grid_daily_with_basin_context.csv,surface_runoff_m,52594,1041,0.01979313229645967
prediction_grid_daily_with_basin_context.csv,source_id_discharge,52594,0,0.0
prediction_grid_daily_with_basin_context.csv,source_id_hydroclimate,52594,1041,0.01979313229645967
prediction_grid_daily_with_basin_context.csv,quality_flag_discharge,52594,9571,0.1819789329581321
prediction_grid_daily_with_basin_context.csv,quality_flag_hydroclimate,52594,0,0.0
prediction_grid_daily_with_basin_context.csv,basin_SUB_AREA,52594,0,0.0
prediction_grid_daily_with_basin_context.csv,basin_UP_AREA,52594,0,0.0
prediction_grid_daily_with_basin_context.csv,basin_dis_m3_pmn,52594,0,0.0
prediction_grid_daily_with_basin_context.csv,basin_dis_m3_pmx,52594,0,0.0
prediction_grid_daily_with_basin_context.csv,basin_dis_m3_pyr,52594,0,0.0
prediction_grid_daily_with_basin_context.csv,basin_dor_pc_pva,52594,0,0.0
prediction_grid_daily_with_basin_context.csv,basin_ele_mt_sav,52594,0,0.0
prediction_grid_daily_with_basin_context.csv,basin_ele_mt_smn,52594,0,0.0
prediction_grid_daily_with_basin_context.csv,basin_ele_mt_smx,52594,0,0.0
prediction_grid_daily_with_basin_context.csv,basin_ele_mt_uav,52594,0,0.0
prediction_grid_daily_with_basin_context.csv,basin_gwt_cm_sav,52594,0,0.0
prediction_grid_daily_with_basin_context.csv,basin_inu_pc_slt,52594,0,0.0
prediction_grid_daily_with_basin_context.csv,basin_inu_pc_smn,52594,0,0.0
prediction_grid_daily_with_basin_context.csv,basin_inu_pc_smx,52594,0,0.0
prediction_grid_daily_with_basin_context.csv,basin_inu_pc_ult,52594,0,0.0
prediction_grid_daily_with_basin_context.csv,basin_inu_pc_umn,52594,0,0.0
prediction_grid_daily_with_basin_context.csv,basin_inu_pc_umx,52594,0,0.0
prediction_grid_daily_with_basin_context.csv,basin_lka_pc_sse,52594,0,0.0
prediction_grid_daily_with_basin_context.csv,basin_lka_pc_use,52594,0,0.0
prediction_grid_daily_with_basin_context.csv,basin_lkv_mc_usu,52594,0,0.0
prediction_grid_daily_with_basin_context.csv,basin_rev_mc_usu,52594,0,0.0
prediction_grid_daily_with_basin_context.csv,basin_ria_ha_ssu,52594,0,0.0
prediction_grid_daily_with_basin_context.csv,basin_ria_ha_usu,52594,0,0.0
prediction_grid_daily_with_basin_context.csv,basin_riv_tc_ssu,52594,0,0.0
prediction_grid_daily_with_basin_context.csv,basin_riv_tc_usu,52594,0,0.0
prediction_grid_daily_with_basin_context.csv,basin_run_mm_syr,52594,0,0.0
prediction_grid_daily_with_basin_context.csv,basin_sgr_dk_sav,52594,0,0.0
prediction_grid_daily_with_basin_context.csv,basin_slp_dg_sav,52594,0,0.0
prediction_grid_daily_with_basin_context.csv,basin_slp_dg_uav,52594,0,0.0
roi_catalog_gold.csv,river,39,0,0.0
roi_catalog_gold.csv,roi_set,39,0,0.0
roi_catalog_gold.csv,roi_path,39,0,0.0
roi_catalog_gold.csv,roi_exists,39,0,0.0
roi_catalog_gold.csv,roi_area_m2,39,0,0.0
roi_catalog_gold.csv,roi_source,39,0,0.0
roi_catalog_gold.csv,roi_risk,39,0,0.0
roi_catalog_gold.csv,manual_review_required,39,0,0.0
roi_catalog_gold.csv,source_id,39,0,0.0
roi_catalog_gold.csv,snapshot_path,39,0,0.0
roi_catalog_gold.csv,original_relative_path,39,0,0.0
roi_catalog_gold.csv,sha256,39,0,0.0
roi_catalog_gold.csv,quality_flag,39,0,0.0
roi_catalog_gold.csv,notes,39,0,0.0
training_matrix_basin_context.csv,label_id,547,0,0.0
training_matrix_basin_context.csv,river,547,0,0.0
training_matrix_basin_context.csv,station,547,0,0.0
training_matrix_basin_context.csv,date,547,0,0.0
training_matrix_basin_context.csv,year,547,0,0.0
training_matrix_basin_context.csv,doy,547,0,0.0
training_matrix_basin_context.csv,DOC_mgC_L,547,0,0.0
training_matrix_basin_context.csv,Q_m3s,547,2,0.003656307129798903
training_matrix_basin_context.csv,sin_doy,547,0,0.0
training_matrix_basin_context.csv,cos_doy,547,0,0.0
training_matrix_basin_context.csv,temperature_2m_C,547,34,0.062157221206581355
training_matrix_basin_context.csv,positive_degree_day_Cday,547,34,0.062157221206581355
training_matrix_basin_context.csv,snow_cover_fraction,547,157,0.2870201096892139
training_matrix_basin_context.csv,snow_depletion_rate_7d,547,218,0.39853747714808047
training_matrix_basin_context.csv,surface_runoff_m,547,34,0.062157221206581355
training_matrix_basin_context.csv,source_id_label,547,0,0.0
training_matrix_basin_context.csv,source_id_discharge,547,0,0.0
training_matrix_basin_context.csv,source_id_hydroclimate,547,34,0.062157221206581355
training_matrix_basin_context.csv,quality_flag_label,547,0,0.0
training_matrix_basin_context.csv,quality_flag_discharge,547,139,0.25411334552102377
training_matrix_basin_context.csv,quality_flag_hydroclimate,547,21,0.038391224862888484
training_matrix_basin_context.csv,provenance_tier,547,0,0.0
training_matrix_basin_context.csv,usability_tier,547,0,0.0
training_matrix_basin_context.csv,basin_SUB_AREA,547,0,0.0
training_matrix_basin_context.csv,basin_UP_AREA,547,0,0.0
training_matrix_basin_context.csv,basin_dis_m3_pmn,547,0,0.0
training_matrix_basin_context.csv,basin_dis_m3_pmx,547,0,0.0
training_matrix_basin_context.csv,basin_dis_m3_pyr,547,0,0.0
training_matrix_basin_context.csv,basin_dor_pc_pva,547,0,0.0
training_matrix_basin_context.csv,basin_ele_mt_sav,547,0,0.0
training_matrix_basin_context.csv,basin_ele_mt_smn,547,0,0.0
training_matrix_basin_context.csv,basin_ele_mt_smx,547,0,0.0
training_matrix_basin_context.csv,basin_ele_mt_uav,547,0,0.0
training_matrix_basin_context.csv,basin_gwt_cm_sav,547,0,0.0
training_matrix_basin_context.csv,basin_inu_pc_slt,547,0,0.0
training_matrix_basin_context.csv,basin_inu_pc_smn,547,0,0.0
training_matrix_basin_context.csv,basin_inu_pc_smx,547,0,0.0
training_matrix_basin_context.csv,basin_inu_pc_ult,547,0,0.0
training_matrix_basin_context.csv,basin_inu_pc_umn,547,0,0.0
training_matrix_basin_context.csv,basin_inu_pc_umx,547,0,0.0
training_matrix_basin_context.csv,basin_lka_pc_sse,547,0,0.0
training_matrix_basin_context.csv,basin_lka_pc_use,547,0,0.0
training_matrix_basin_context.csv,basin_lkv_mc_usu,547,0,0.0
training_matrix_basin_context.csv,basin_rev_mc_usu,547,0,0.0
training_matrix_basin_context.csv,basin_ria_ha_ssu,547,0,0.0
training_matrix_basin_context.csv,basin_ria_ha_usu,547,0,0.0
training_matrix_basin_context.csv,basin_riv_tc_ssu,547,0,0.0
training_matrix_basin_context.csv,basin_riv_tc_usu,547,0,0.0
training_matrix_basin_context.csv,basin_run_mm_syr,547,0,0.0
training_matrix_basin_context.csv,basin_sgr_dk_sav,547,0,0.0
training_matrix_basin_context.csv,basin_slp_dg_sav,547,0,0.0
training_matrix_basin_context.csv,basin_slp_dg_uav,547,0,0.0
training_matrix_hydrocore.csv,label_id,547,0,0.0
training_matrix_hydrocore.csv,river,547,0,0.0
training_matrix_hydrocore.csv,station,547,0,0.0
training_matrix_hydrocore.csv,date,547,0,0.0
training_matrix_hydrocore.csv,year,547,0,0.0
training_matrix_hydrocore.csv,doy,547,0,0.0
training_matrix_hydrocore.csv,DOC_mgC_L,547,0,0.0
training_matrix_hydrocore.csv,Q_m3s,547,2,0.003656307129798903
training_matrix_hydrocore.csv,sin_doy,547,0,0.0
training_matrix_hydrocore.csv,cos_doy,547,0,0.0
training_matrix_hydrocore.csv,temperature_2m_C,547,34,0.062157221206581355
training_matrix_hydrocore.csv,positive_degree_day_Cday,547,34,0.062157221206581355
training_matrix_hydrocore.csv,snow_cover_fraction,547,157,0.2870201096892139
training_matrix_hydrocore.csv,snow_depletion_rate_7d,547,218,0.39853747714808047
training_matrix_hydrocore.csv,surface_runoff_m,547,34,0.062157221206581355
training_matrix_hydrocore.csv,source_id_label,547,0,0.0
training_matrix_hydrocore.csv,source_id_discharge,547,0,0.0
training_matrix_hydrocore.csv,source_id_hydroclimate,547,34,0.062157221206581355
training_matrix_hydrocore.csv,quality_flag_label,547,0,0.0
training_matrix_hydrocore.csv,quality_flag_discharge,547,139,0.25411334552102377
training_matrix_hydrocore.csv,quality_flag_hydroclimate,547,21,0.038391224862888484
training_matrix_hydrocore.csv,provenance_tier,547,0,0.0
training_matrix_hydrocore.csv,usability_tier,547,0,0.0
training_matrix_optical_matched_0d.csv,label_id,188,0,0.0
training_matrix_optical_matched_0d.csv,river,188,0,0.0
training_matrix_optical_matched_0d.csv,date,188,0,0.0
training_matrix_optical_matched_0d.csv,DOC_mgC_L,188,0,0.0
training_matrix_optical_matched_0d.csv,Q_m3s,188,0,0.0
training_matrix_optical_matched_0d.csv,doy,188,0,0.0
training_matrix_optical_matched_0d.csv,sin_doy,188,0,0.0
training_matrix_optical_matched_0d.csv,cos_doy,188,0,0.0
training_matrix_optical_matched_0d.csv,temperature_2m_C,188,9,0.047872340425531915
training_matrix_optical_matched_0d.csv,positive_degree_day_Cday,188,9,0.047872340425531915
training_matrix_optical_matched_0d.csv,snow_cover_fraction,188,32,0.1702127659574468
training_matrix_optical_matched_0d.csv,snow_depletion_rate_7d,188,60,0.3191489361702128
training_matrix_optical_matched_0d.csv,surface_runoff_m,188,9,0.047872340425531915
training_matrix_optical_matched_0d.csv,sensor,188,0,0.0
training_matrix_optical_matched_0d.csv,optical_date,188,0,0.0
training_matrix_optical_matched_0d.csv,days_offset,188,0,0.0
training_matrix_optical_matched_0d.csv,blue,188,112,0.5957446808510638
training_matrix_optical_matched_0d.csv,green,188,112,0.5957446808510638
training_matrix_optical_matched_0d.csv,red,188,112,0.5957446808510638
training_matrix_optical_matched_0d.csv,nir,188,112,0.5957446808510638
training_matrix_optical_matched_0d.csv,swir1,188,112,0.5957446808510638
training_matrix_optical_matched_0d.csv,swir2,188,112,0.5957446808510638
training_matrix_optical_matched_0d.csv,ndwi,188,112,0.5957446808510638
training_matrix_optical_matched_0d.csv,mndwi,188,112,0.5957446808510638
training_matrix_optical_matched_0d.csv,red_green_ratio,188,112,0.5957446808510638
training_matrix_optical_matched_0d.csv,green_blue_ratio,188,112,0.5957446808510638
training_matrix_optical_matched_0d.csv,n_valid_water_pixels,188,0,0.0
training_matrix_optical_matched_0d.csv,pct_valid_water_pixels,188,0,0.0
training_matrix_optical_matched_0d.csv,source_id_optical,188,0,0.0
training_matrix_optical_matched_0d.csv,source_id_hydroclimate,188,9,0.047872340425531915
training_matrix_optical_matched_0d.csv,quality_flag_optical,188,0,0.0
training_matrix_optical_matched_0d.csv,quality_flag_hydroclimate,188,4,0.02127659574468085
training_matrix_optical_matched_1d.csv,label_id,297,0,0.0
training_matrix_optical_matched_1d.csv,river,297,0,0.0
training_matrix_optical_matched_1d.csv,date,297,0,0.0
training_matrix_optical_matched_1d.csv,DOC_mgC_L,297,0,0.0
training_matrix_optical_matched_1d.csv,Q_m3s,297,0,0.0
training_matrix_optical_matched_1d.csv,doy,297,0,0.0
training_matrix_optical_matched_1d.csv,sin_doy,297,0,0.0
training_matrix_optical_matched_1d.csv,cos_doy,297,0,0.0
training_matrix_optical_matched_1d.csv,temperature_2m_C,297,10,0.03367003367003367
training_matrix_optical_matched_1d.csv,positive_degree_day_Cday,297,10,0.03367003367003367
training_matrix_optical_matched_1d.csv,snow_cover_fraction,297,54,0.18181818181818182
training_matrix_optical_matched_1d.csv,snow_depletion_rate_7d,297,93,0.31313131313131315
training_matrix_optical_matched_1d.csv,surface_runoff_m,297,10,0.03367003367003367
training_matrix_optical_matched_1d.csv,sensor,297,0,0.0
training_matrix_optical_matched_1d.csv,optical_date,297,0,0.0
training_matrix_optical_matched_1d.csv,days_offset,297,0,0.0
training_matrix_optical_matched_1d.csv,blue,297,176,0.5925925925925926
training_matrix_optical_matched_1d.csv,green,297,176,0.5925925925925926
training_matrix_optical_matched_1d.csv,red,297,176,0.5925925925925926
training_matrix_optical_matched_1d.csv,nir,297,176,0.5925925925925926
training_matrix_optical_matched_1d.csv,swir1,297,176,0.5925925925925926
training_matrix_optical_matched_1d.csv,swir2,297,176,0.5925925925925926
training_matrix_optical_matched_1d.csv,ndwi,297,176,0.5925925925925926
training_matrix_optical_matched_1d.csv,mndwi,297,176,0.5925925925925926
training_matrix_optical_matched_1d.csv,red_green_ratio,297,176,0.5925925925925926
training_matrix_optical_matched_1d.csv,green_blue_ratio,297,176,0.5925925925925926
training_matrix_optical_matched_1d.csv,n_valid_water_pixels,297,0,0.0
training_matrix_optical_matched_1d.csv,pct_valid_water_pixels,297,0,0.0
training_matrix_optical_matched_1d.csv,source_id_optical,297,0,0.0
training_matrix_optical_matched_1d.csv,source_id_hydroclimate,297,10,0.03367003367003367
training_matrix_optical_matched_1d.csv,quality_flag_optical,297,0,0.0
training_matrix_optical_matched_1d.csv,quality_flag_hydroclimate,297,4,0.013468013468013467
training_matrix_optical_matched_3d.csv,label_id,374,0,0.0
training_matrix_optical_matched_3d.csv,river,374,0,0.0
training_matrix_optical_matched_3d.csv,date,374,0,0.0
training_matrix_optical_matched_3d.csv,DOC_mgC_L,374,0,0.0
training_matrix_optical_matched_3d.csv,Q_m3s,374,0,0.0
training_matrix_optical_matched_3d.csv,doy,374,0,0.0
training_matrix_optical_matched_3d.csv,sin_doy,374,0,0.0
training_matrix_optical_matched_3d.csv,cos_doy,374,0,0.0
training_matrix_optical_matched_3d.csv,temperature_2m_C,374,13,0.034759358288770054
training_matrix_optical_matched_3d.csv,positive_degree_day_Cday,374,13,0.034759358288770054
training_matrix_optical_matched_3d.csv,snow_cover_fraction,374,70,0.18716577540106952
training_matrix_optical_matched_3d.csv,snow_depletion_rate_7d,374,117,0.31283422459893045
training_matrix_optical_matched_3d.csv,surface_runoff_m,374,13,0.034759358288770054
training_matrix_optical_matched_3d.csv,sensor,374,0,0.0
training_matrix_optical_matched_3d.csv,optical_date,374,0,0.0
training_matrix_optical_matched_3d.csv,days_offset,374,0,0.0
training_matrix_optical_matched_3d.csv,blue,374,222,0.5935828877005348
training_matrix_optical_matched_3d.csv,green,374,222,0.5935828877005348
training_matrix_optical_matched_3d.csv,red,374,222,0.5935828877005348
training_matrix_optical_matched_3d.csv,nir,374,222,0.5935828877005348
training_matrix_optical_matched_3d.csv,swir1,374,222,0.5935828877005348
training_matrix_optical_matched_3d.csv,swir2,374,222,0.5935828877005348
training_matrix_optical_matched_3d.csv,ndwi,374,222,0.5935828877005348
training_matrix_optical_matched_3d.csv,mndwi,374,222,0.5935828877005348
training_matrix_optical_matched_3d.csv,red_green_ratio,374,222,0.5935828877005348
training_matrix_optical_matched_3d.csv,green_blue_ratio,374,222,0.5935828877005348
training_matrix_optical_matched_3d.csv,n_valid_water_pixels,374,0,0.0
training_matrix_optical_matched_3d.csv,pct_valid_water_pixels,374,0,0.0
training_matrix_optical_matched_3d.csv,source_id_optical,374,0,0.0
training_matrix_optical_matched_3d.csv,source_id_hydroclimate,374,13,0.034759358288770054
training_matrix_optical_matched_3d.csv,quality_flag_optical,374,0,0.0
training_matrix_optical_matched_3d.csv,quality_flag_hydroclimate,374,6,0.016042780748663103
training_matrix_optical_matched_3d_hls.csv,label_id,144,0,0.0
training_matrix_optical_matched_3d_hls.csv,river,144,0,0.0
training_matrix_optical_matched_3d_hls.csv,date,144,0,0.0
training_matrix_optical_matched_3d_hls.csv,DOC_mgC_L,144,0,0.0
training_matrix_optical_matched_3d_hls.csv,Q_m3s,144,0,0.0
training_matrix_optical_matched_3d_hls.csv,doy,144,0,0.0
training_matrix_optical_matched_3d_hls.csv,sin_doy,144,0,0.0
training_matrix_optical_matched_3d_hls.csv,cos_doy,144,0,0.0
training_matrix_optical_matched_3d_hls.csv,temperature_2m_C,144,12,0.08333333333333333
training_matrix_optical_matched_3d_hls.csv,positive_degree_day_Cday,144,12,0.08333333333333333
training_matrix_optical_matched_3d_hls.csv,snow_cover_fraction,144,45,0.3125
training_matrix_optical_matched_3d_hls.csv,snow_depletion_rate_7d,144,71,0.4930555555555556
training_matrix_optical_matched_3d_hls.csv,surface_runoff_m,144,12,0.08333333333333333
training_matrix_optical_matched_3d_hls.csv,sensor,144,0,0.0
training_matrix_optical_matched_3d_hls.csv,optical_date,144,0,0.0
training_matrix_optical_matched_3d_hls.csv,days_offset,144,0,0.0
training_matrix_optical_matched_3d_hls.csv,blue,144,125,0.8680555555555556
training_matrix_optical_matched_3d_hls.csv,green,144,125,0.8680555555555556
training_matrix_optical_matched_3d_hls.csv,red,144,125,0.8680555555555556
training_matrix_optical_matched_3d_hls.csv,nir,144,125,0.8680555555555556
training_matrix_optical_matched_3d_hls.csv,swir1,144,125,0.8680555555555556
training_matrix_optical_matched_3d_hls.csv,swir2,144,125,0.8680555555555556
training_matrix_optical_matched_3d_hls.csv,ndwi,144,125,0.8680555555555556
training_matrix_optical_matched_3d_hls.csv,mndwi,144,125,0.8680555555555556
training_matrix_optical_matched_3d_hls.csv,red_green_ratio,144,125,0.8680555555555556
training_matrix_optical_matched_3d_hls.csv,green_blue_ratio,144,125,0.8680555555555556
training_matrix_optical_matched_3d_hls.csv,n_valid_water_pixels,144,0,0.0
training_matrix_optical_matched_3d_hls.csv,pct_valid_water_pixels,144,0,0.0
training_matrix_optical_matched_3d_hls.csv,source_id_optical,144,0,0.0
training_matrix_optical_matched_3d_hls.csv,source_id_hydroclimate,144,12,0.08333333333333333
training_matrix_optical_matched_3d_hls.csv,quality_flag_optical,144,0,0.0
training_matrix_optical_matched_3d_hls.csv,quality_flag_hydroclimate,144,6,0.041666666666666664
training_matrix_optical_matched_3d_landsat.csv,label_id,184,0,0.0
training_matrix_optical_matched_3d_landsat.csv,river,184,0,0.0
training_matrix_optical_matched_3d_landsat.csv,date,184,0,0.0
training_matrix_optical_matched_3d_landsat.csv,DOC_mgC_L,184,0,0.0
training_matrix_optical_matched_3d_landsat.csv,Q_m3s,184,0,0.0
training_matrix_optical_matched_3d_landsat.csv,doy,184,0,0.0
training_matrix_optical_matched_3d_landsat.csv,sin_doy,184,0,0.0
training_matrix_optical_matched_3d_landsat.csv,cos_doy,184,0,0.0
training_matrix_optical_matched_3d_landsat.csv,temperature_2m_C,184,1,0.005434782608695652
training_matrix_optical_matched_3d_landsat.csv,positive_degree_day_Cday,184,1,0.005434782608695652
training_matrix_optical_matched_3d_landsat.csv,snow_cover_fraction,184,15,0.08152173913043478
training_matrix_optical_matched_3d_landsat.csv,snow_depletion_rate_7d,184,32,0.17391304347826086
training_matrix_optical_matched_3d_landsat.csv,surface_runoff_m,184,1,0.005434782608695652
training_matrix_optical_matched_3d_landsat.csv,sensor,184,0,0.0
training_matrix_optical_matched_3d_landsat.csv,optical_date,184,0,0.0
training_matrix_optical_matched_3d_landsat.csv,days_offset,184,0,0.0
training_matrix_optical_matched_3d_landsat.csv,blue,184,87,0.47282608695652173
training_matrix_optical_matched_3d_landsat.csv,green,184,87,0.47282608695652173
training_matrix_optical_matched_3d_landsat.csv,red,184,87,0.47282608695652173
training_matrix_optical_matched_3d_landsat.csv,nir,184,87,0.47282608695652173
training_matrix_optical_matched_3d_landsat.csv,swir1,184,87,0.47282608695652173
training_matrix_optical_matched_3d_landsat.csv,swir2,184,87,0.47282608695652173
training_matrix_optical_matched_3d_landsat.csv,ndwi,184,87,0.47282608695652173
training_matrix_optical_matched_3d_landsat.csv,mndwi,184,87,0.47282608695652173
training_matrix_optical_matched_3d_landsat.csv,red_green_ratio,184,87,0.47282608695652173
training_matrix_optical_matched_3d_landsat.csv,green_blue_ratio,184,87,0.47282608695652173
training_matrix_optical_matched_3d_landsat.csv,n_valid_water_pixels,184,0,0.0
training_matrix_optical_matched_3d_landsat.csv,pct_valid_water_pixels,184,0,0.0
training_matrix_optical_matched_3d_landsat.csv,source_id_optical,184,0,0.0
training_matrix_optical_matched_3d_landsat.csv,source_id_hydroclimate,184,1,0.005434782608695652
training_matrix_optical_matched_3d_landsat.csv,quality_flag_optical,184,0,0.0
training_matrix_optical_matched_3d_landsat.csv,quality_flag_hydroclimate,184,0,0.0
training_matrix_optical_matched_3d_sentinel2.csv,label_id,46,0,0.0
training_matrix_optical_matched_3d_sentinel2.csv,river,46,0,0.0
training_matrix_optical_matched_3d_sentinel2.csv,date,46,0,0.0
training_matrix_optical_matched_3d_sentinel2.csv,DOC_mgC_L,46,0,0.0
training_matrix_optical_matched_3d_sentinel2.csv,Q_m3s,46,0,0.0
training_matrix_optical_matched_3d_sentinel2.csv,doy,46,0,0.0
training_matrix_optical_matched_3d_sentinel2.csv,sin_doy,46,0,0.0
training_matrix_optical_matched_3d_sentinel2.csv,cos_doy,46,0,0.0
training_matrix_optical_matched_3d_sentinel2.csv,temperature_2m_C,46,0,0.0
training_matrix_optical_matched_3d_sentinel2.csv,positive_degree_day_Cday,46,0,0.0
training_matrix_optical_matched_3d_sentinel2.csv,snow_cover_fraction,46,10,0.21739130434782608
training_matrix_optical_matched_3d_sentinel2.csv,snow_depletion_rate_7d,46,14,0.30434782608695654
training_matrix_optical_matched_3d_sentinel2.csv,surface_runoff_m,46,0,0.0
training_matrix_optical_matched_3d_sentinel2.csv,sensor,46,0,0.0
training_matrix_optical_matched_3d_sentinel2.csv,optical_date,46,0,0.0
training_matrix_optical_matched_3d_sentinel2.csv,days_offset,46,0,0.0
training_matrix_optical_matched_3d_sentinel2.csv,blue,46,10,0.21739130434782608
training_matrix_optical_matched_3d_sentinel2.csv,green,46,10,0.21739130434782608
training_matrix_optical_matched_3d_sentinel2.csv,red,46,10,0.21739130434782608
training_matrix_optical_matched_3d_sentinel2.csv,nir,46,10,0.21739130434782608
training_matrix_optical_matched_3d_sentinel2.csv,swir1,46,10,0.21739130434782608
training_matrix_optical_matched_3d_sentinel2.csv,swir2,46,10,0.21739130434782608
training_matrix_optical_matched_3d_sentinel2.csv,ndwi,46,10,0.21739130434782608
training_matrix_optical_matched_3d_sentinel2.csv,mndwi,46,10,0.21739130434782608
training_matrix_optical_matched_3d_sentinel2.csv,red_green_ratio,46,10,0.21739130434782608
training_matrix_optical_matched_3d_sentinel2.csv,green_blue_ratio,46,10,0.21739130434782608
training_matrix_optical_matched_3d_sentinel2.csv,n_valid_water_pixels,46,0,0.0
training_matrix_optical_matched_3d_sentinel2.csv,pct_valid_water_pixels,46,0,0.0
training_matrix_optical_matched_3d_sentinel2.csv,source_id_optical,46,0,0.0
training_matrix_optical_matched_3d_sentinel2.csv,source_id_hydroclimate,46,0,0.0
training_matrix_optical_matched_3d_sentinel2.csv,quality_flag_optical,46,0,0.0
training_matrix_optical_matched_3d_sentinel2.csv,quality_flag_hydroclimate,46,0,0.0
training_matrix_optical_matched_7d.csv,label_id,420,0,0.0
training_matrix_optical_matched_7d.csv,river,420,0,0.0
training_matrix_optical_matched_7d.csv,date,420,0,0.0
training_matrix_optical_matched_7d.csv,DOC_mgC_L,420,0,0.0
training_matrix_optical_matched_7d.csv,Q_m3s,420,0,0.0
training_matrix_optical_matched_7d.csv,doy,420,0,0.0
training_matrix_optical_matched_7d.csv,sin_doy,420,0,0.0
training_matrix_optical_matched_7d.csv,cos_doy,420,0,0.0
training_matrix_optical_matched_7d.csv,temperature_2m_C,420,15,0.03571428571428571
training_matrix_optical_matched_7d.csv,positive_degree_day_Cday,420,15,0.03571428571428571
training_matrix_optical_matched_7d.csv,snow_cover_fraction,420,83,0.1976190476190476
training_matrix_optical_matched_7d.csv,snow_depletion_rate_7d,420,132,0.3142857142857143
training_matrix_optical_matched_7d.csv,surface_runoff_m,420,15,0.03571428571428571
training_matrix_optical_matched_7d.csv,sensor,420,0,0.0
training_matrix_optical_matched_7d.csv,optical_date,420,0,0.0
training_matrix_optical_matched_7d.csv,days_offset,420,0,0.0
training_matrix_optical_matched_7d.csv,blue,420,250,0.5952380952380952
training_matrix_optical_matched_7d.csv,green,420,250,0.5952380952380952
training_matrix_optical_matched_7d.csv,red,420,250,0.5952380952380952
training_matrix_optical_matched_7d.csv,nir,420,250,0.5952380952380952
training_matrix_optical_matched_7d.csv,swir1,420,250,0.5952380952380952
training_matrix_optical_matched_7d.csv,swir2,420,250,0.5952380952380952
training_matrix_optical_matched_7d.csv,ndwi,420,250,0.5952380952380952
training_matrix_optical_matched_7d.csv,mndwi,420,250,0.5952380952380952
training_matrix_optical_matched_7d.csv,red_green_ratio,420,250,0.5952380952380952
training_matrix_optical_matched_7d.csv,green_blue_ratio,420,250,0.5952380952380952
training_matrix_optical_matched_7d.csv,n_valid_water_pixels,420,0,0.0
training_matrix_optical_matched_7d.csv,pct_valid_water_pixels,420,0,0.0
training_matrix_optical_matched_7d.csv,source_id_optical,420,0,0.0
training_matrix_optical_matched_7d.csv,source_id_hydroclimate,420,15,0.03571428571428571
training_matrix_optical_matched_7d.csv,quality_flag_optical,420,0,0.0
training_matrix_optical_matched_7d.csv,quality_flag_hydroclimate,420,7,0.016666666666666666
