river,source_field,raw_value
Ob,rows_matched,1088
Ob,columns_available,121
Ob,HYBAS_ID_mean,3070460865.1838236
Ob,NEXT_DOWN_mean,3070496720.459559
Ob,NEXT_SINK_mean,3070004275.5514708
Ob,MAIN_BAS_mean,3070001840.0
Ob,DIST_SINK_mean,2389.1466911764705
Ob,DIST_MAIN_mean,2645.370955882353
Ob,SUB_AREA_mean,2665.1016544117642
Ob,UP_AREA_mean,74248.09411764707
Ob,PFAF_ID_mean,3126241.991727941
Ob,ENDO_mean,0.19025735294117646
Ob,COAST_mean,0.0
Ob,ORDER__mean,2.896139705882353
Ob,SORT_mean,21203.229779411766
Ob,dis_m3_pyr_mean,410.01068115234375
Ob,dis_m3_pmn_mean,172.42637634277344
Ob,dis_m3_pmx_mean,888.613525390625
Ob,run_mm_syr_mean,161.82628676470588
Ob,inu_pc_smn_mean,9.010110294117647
Ob,inu_pc_umn_mean,4.839154411764706
Ob,inu_pc_smx_mean,13.805147058823529
Ob,inu_pc_umx_mean,7.500919117647059
Ob,inu_pc_slt_mean,21.082720588235293
Ob,inu_pc_ult_mean,13.452205882352942
Ob,lka_pc_sse_mean,27.86672794117647
Ob,lka_pc_use_mean,16.769301470588236
Ob,lkv_mc_usu_mean,9227.710477941177
Ob,rev_mc_usu_mean,2422.548713235294
Ob,dor_pc_pva_mean,80.6470588235294
Ob,ria_ha_ssu_mean,728.1873779296875
Ob,ria_ha_usu_mean,21769.3046875
Ob,riv_tc_ssu_mean,25832.55859375
Ob,riv_tc_usu_mean,642220.125
Ob,gwt_cm_sav_mean,47.487132352941174
Ob,ele_mt_sav_mean,265.56617647058823
Ob,ele_mt_uav_mean,375.7086397058824
Ob,ele_mt_smn_mean,126.81158088235294
Ob,ele_mt_smx_mean,553.1645220588235
Ob,slp_dg_sav_mean,21.15625
Ob,slp_dg_uav_mean,29.274816176470587
Ob,sgr_dk_sav_mean,46.44485294117647
Ob,sample_columns,"['HYBAS_ID', 'NEXT_DOWN', 'NEXT_SINK', 'MAIN_BAS', 'DIST_SINK', 'DIST_MAIN', 'SUB_AREA', 'UP_AREA', 'PFAF_ID', 'ENDO', 'COAST', 'ORDER_', 'SORT', 'dis_m3_pyr', 'dis_m3_pmn', 'dis_m3_pmx', 'run_mm_syr', 'inu_pc_smn', 'inu_pc_umn', 'inu_pc_smx', 'inu_pc_umx', 'inu_pc_slt', 'inu_pc_ult', 'lka_pc_sse', 'lka_pc_use', 'lkv_mc_usu', 'rev_mc_usu', 'dor_pc_pva', 'ria_ha_ssu', 'ria_ha_usu', 'riv_tc_ssu', 'riv_tc_usu', 'gwt_cm_sav', 'ele_mt_sav', 'ele_mt_uav', 'ele_mt_smn', 'ele_mt_smx', 'slp_dg_sav', 'slp_dg_uav', 'sgr_dk_sav']"
Yenisey,rows_matched,1064
Yenisey,columns_available,121
Yenisey,HYBAS_ID_mean,3070475596.785714
Yenisey,NEXT_DOWN_mean,3067591209.445489
Yenisey,NEXT_SINK_mean,3070004880.9492483
Yenisey,MAIN_BAS_mean,3070004740.0
Yenisey,DIST_SINK_mean,2638.9937969924813
Yenisey,DIST_MAIN_mean,2664.5789473684213
Yenisey,SUB_AREA_mean,2354.951315789474
Yenisey,UP_AREA_mean,124481.32518796992
Yenisey,PFAF_ID_mean,3225723.3082706765
Yenisey,ENDO_mean,0.013157894736842105
Yenisey,COAST_mean,0.0
Yenisey,ORDER__mean,2.704887218045113
Yenisey,SORT_mean,21979.5742481203
Yenisey,dis_m3_pyr_mean,769.6256103515625
Yenisey,dis_m3_pmn_mean,203.79005432128906
Yenisey,dis_m3_pmx_mean,1965.3680419921875
Yenisey,run_mm_syr_mean,250.156015037594
Yenisey,inu_pc_smn_mean,4.6419172932330826
Yenisey,inu_pc_umn_mean,2.066729323308271
Yenisey,inu_pc_smx_mean,5.421992481203008
Yenisey,inu_pc_umx_mean,2.5864661654135337
Yenisey,inu_pc_slt_mean,7.942669172932331
Yenisey,inu_pc_ult_mean,4.2481203007518795
Yenisey,lka_pc_sse_mean,25.112781954887218
Yenisey,lka_pc_use_mean,14.328007518796992
Yenisey,lkv_mc_usu_mean,1676754.3063909775
Yenisey,rev_mc_usu_mean,20906.57894736842
Yenisey,dor_pc_pva_mean,108.07706766917293
Yenisey,ria_ha_ssu_mean,978.549560546875
Yenisey,ria_ha_usu_mean,39808.25
Yenisey,riv_tc_ssu_mean,39397.234375
Yenisey,riv_tc_usu_mean,1179694.75
Yenisey,gwt_cm_sav_mean,143.57424812030075
Yenisey,ele_mt_sav_mean,712.093984962406
Yenisey,ele_mt_uav_mean,887.8890977443609
Yenisey,ele_mt_smn_mean,410.3618421052632
Yenisey,ele_mt_smx_mean,1216.2885338345864
Yenisey,slp_dg_sav_mean,61.46992481203007
Yenisey,slp_dg_uav_mean,69.87687969924812
Yenisey,sgr_dk_sav_mean,116.82988721804512
Yenisey,sample_columns,"['HYBAS_ID', 'NEXT_DOWN', 'NEXT_SINK', 'MAIN_BAS', 'DIST_SINK', 'DIST_MAIN', 'SUB_AREA', 'UP_AREA', 'PFAF_ID', 'ENDO', 'COAST', 'ORDER_', 'SORT', 'dis_m3_pyr', 'dis_m3_pmn', 'dis_m3_pmx', 'run_mm_syr', 'inu_pc_smn', 'inu_pc_umn', 'inu_pc_smx', 'inu_pc_umx', 'inu_pc_slt', 'inu_pc_ult', 'lka_pc_sse', 'lka_pc_use', 'lkv_mc_usu', 'rev_mc_usu', 'dor_pc_pva', 'ria_ha_ssu', 'ria_ha_usu', 'riv_tc_ssu', 'riv_tc_usu', 'gwt_cm_sav', 'ele_mt_sav', 'ele_mt_uav', 'ele_mt_smn', 'ele_mt_smx', 'slp_dg_sav', 'slp_dg_uav', 'sgr_dk_sav']"
Lena,rows_matched,1070
Lena,columns_available,121
Lena,HYBAS_ID_mean,3070410833.813084
Lena,NEXT_DOWN_mean,3070407806.719626
Lena,NEXT_SINK_mean,3070009130.0
Lena,MAIN_BAS_mean,3070009130.0
Lena,DIST_SINK_mean,2766.43738317757
Lena,DIST_MAIN_mean,2766.43738317757
Lena,SUB_AREA_mean,2122.699719626168
Lena,UP_AREA_mean,102132.9714953271
Lena,PFAF_ID_mean,3425278.131775701
Lena,ENDO_mean,0.0
Lena,COAST_mean,0.0
Lena,ORDER__mean,2.852336448598131
Lena,SORT_mean,23618.317757009347
Lena,dis_m3_pyr_mean,751.3359375
Lena,dis_m3_pmn_mean,67.07366943359375
Lena,dis_m3_pmx_mean,2183.041015625
Lena,run_mm_syr_mean,192.3644859813084
Lena,inu_pc_smn_mean,3.1205607476635513
Lena,inu_pc_umn_mean,0.8242990654205608
Lena,inu_pc_smx_mean,3.808411214953271
Lena,inu_pc_umx_mean,1.1495327102803738
Lena,inu_pc_slt_mean,4.969158878504673
Lena,inu_pc_ult_mean,1.8878504672897196
Lena,lka_pc_sse_mean,5.374766355140187
Lena,lka_pc_use_mean,3.6345794392523363
Lena,lkv_mc_usu_mean,3304.6887850467288
Lena,rev_mc_usu_mean,1487.7196261682243
Lena,dor_pc_pva_mean,33.279439252336445
Lena,ria_ha_ssu_mean,878.4937744140625
Lena,ria_ha_usu_mean,39866.24609375
Lena,riv_tc_ssu_mean,36270.50390625
Lena,riv_tc_usu_mean,1309917.625
Lena,gwt_cm_sav_mean,161.203738317757
Lena,ele_mt_sav_mean,565.9971962616822
Lena,ele_mt_uav_mean,690.0289719626169
Lena,ele_mt_smn_mean,278.1906542056075
Lena,ele_mt_smx_mean,1032.7242990654206
Lena,slp_dg_sav_mean,65.98317757009346
Lena,slp_dg_uav_mean,71.57943925233644
Lena,sgr_dk_sav_mean,110.63831775700935
Lena,sample_columns,"['HYBAS_ID', 'NEXT_DOWN', 'NEXT_SINK', 'MAIN_BAS', 'DIST_SINK', 'DIST_MAIN', 'SUB_AREA', 'UP_AREA', 'PFAF_ID', 'ENDO', 'COAST', 'ORDER_', 'SORT', 'dis_m3_pyr', 'dis_m3_pmn', 'dis_m3_pmx', 'run_mm_syr', 'inu_pc_smn', 'inu_pc_umn', 'inu_pc_smx', 'inu_pc_umx', 'inu_pc_slt', 'inu_pc_ult', 'lka_pc_sse', 'lka_pc_use', 'lkv_mc_usu', 'rev_mc_usu', 'dor_pc_pva', 'ria_ha_ssu', 'ria_ha_usu', 'riv_tc_ssu', 'riv_tc_usu', 'gwt_cm_sav', 'ele_mt_sav', 'ele_mt_uav', 'ele_mt_smn', 'ele_mt_smx', 'slp_dg_sav', 'slp_dg_uav', 'sgr_dk_sav']"
Kolyma,rows_matched,273
Kolyma,columns_available,121
Kolyma,HYBAS_ID_mean,3070236777.106227
Kolyma,NEXT_DOWN_mean,3058983736.996337
Kolyma,NEXT_SINK_mean,3070010910.0
Kolyma,MAIN_BAS_mean,3070010910.0
Kolyma,DIST_SINK_mean,984.0959706959708
Kolyma,DIST_MAIN_mean,984.0959706959708
Kolyma,SUB_AREA_mean,2391.79304029304
Kolyma,UP_AREA_mean,42352.59853479853
Kolyma,PFAF_ID_mean,3518630.0915750917
Kolyma,ENDO_mean,0.0
Kolyma,COAST_mean,0.0
Kolyma,ORDER__mean,2.4652014652014653
Kolyma,SORT_mean,24625.0
Kolyma,dis_m3_pyr_mean,258.6166076660156
Kolyma,dis_m3_pmn_mean,133.19155883789062
Kolyma,dis_m3_pmx_mean,448.0166015625
Kolyma,run_mm_syr_mean,217.2967032967033
Kolyma,inu_pc_smn_mean,4.443223443223443
Kolyma,inu_pc_umn_mean,1.0036630036630036
Kolyma,inu_pc_smx_mean,5.853479853479853
Kolyma,inu_pc_umx_mean,1.4908424908424909
Kolyma,inu_pc_slt_mean,17.043956043956044
Kolyma,inu_pc_ult_mean,11.197802197802197
Kolyma,lka_pc_sse_mean,12.344322344322345
Kolyma,lka_pc_use_mean,6.230769230769231
Kolyma,lkv_mc_usu_mean,2073.3663003663005
Kolyma,rev_mc_usu_mean,165.78754578754578
Kolyma,dor_pc_pva_mean,4.087912087912088
Kolyma,ria_ha_ssu_mean,663.3098754882812
Kolyma,ria_ha_usu_mean,9938.6943359375
Kolyma,riv_tc_ssu_mean,13282.2978515625
Kolyma,riv_tc_usu_mean,151767.046875
Kolyma,gwt_cm_sav_mean,174.17216117216117
Kolyma,ele_mt_sav_mean,473.0732600732601
Kolyma,ele_mt_uav_mean,625.952380952381
Kolyma,ele_mt_smn_mean,182.6117216117216
Kolyma,ele_mt_smx_mean,1202.3956043956043
Kolyma,slp_dg_sav_mean,85.14285714285714
Kolyma,slp_dg_uav_mean,100.82417582417582
Kolyma,sgr_dk_sav_mean,99.2967032967033
Kolyma,sample_columns,"['HYBAS_ID', 'NEXT_DOWN', 'NEXT_SINK', 'MAIN_BAS', 'DIST_SINK', 'DIST_MAIN', 'SUB_AREA', 'UP_AREA', 'PFAF_ID', 'ENDO', 'COAST', 'ORDER_', 'SORT', 'dis_m3_pyr', 'dis_m3_pmn', 'dis_m3_pmx', 'run_mm_syr', 'inu_pc_smn', 'inu_pc_umn', 'inu_pc_smx', 'inu_pc_umx', 'inu_pc_slt', 'inu_pc_ult', 'lka_pc_sse', 'lka_pc_use', 'lkv_mc_usu', 'rev_mc_usu', 'dor_pc_pva', 'ria_ha_ssu', 'ria_ha_usu', 'riv_tc_ssu', 'riv_tc_usu', 'gwt_cm_sav', 'ele_mt_sav', 'ele_mt_uav', 'ele_mt_smn', 'ele_mt_smx', 'slp_dg_sav', 'slp_dg_uav', 'sgr_dk_sav']"
Yukon,rows_matched,337
Yukon,columns_available,121
Yukon,HYBAS_ID_mean,8070191544.451038
Yukon,NEXT_DOWN_mean,8046242828.961424
Yukon,NEXT_SINK_mean,8070005510.0
Yukon,MAIN_BAS_mean,8070005510.0
Yukon,DIST_SINK_mean,1864.1593471810088
Yukon,DIST_MAIN_mean,1864.1593471810088
Yukon,SUB_AREA_mean,2471.277151335312
Yukon,UP_AREA_mean,65368.221958456976
Yukon,PFAF_ID_mean,8126021.988130564
Yukon,ENDO_mean,0.0
Yukon,COAST_mean,0.0
Yukon,ORDER__mean,2.400593471810089
Yukon,SORT_mean,53464.0
Yukon,dis_m3_pyr_mean,501.0884704589844
Yukon,dis_m3_pmn_mean,155.1866912841797
Yukon,dis_m3_pmx_mean,1200.600341796875
Yukon,run_mm_syr_mean,266.17210682492583
Yukon,inu_pc_smn_mean,3.878338278931751
Yukon,inu_pc_umn_mean,1.4510385756676558
Yukon,inu_pc_smx_mean,4.344213649851632
Yukon,inu_pc_umx_mean,1.599406528189911
Yukon,inu_pc_slt_mean,10.136498516320474
Yukon,inu_pc_ult_mean,4.928783382789318
Yukon,lka_pc_sse_mean,15.498516320474778
Yukon,lka_pc_use_mean,12.908011869436201
Yukon,lkv_mc_usu_mean,30683.311572700295
Yukon,rev_mc_usu_mean,27.522255192878337
Yukon,dor_pc_pva_mean,1.2195845697329377
Yukon,ria_ha_ssu_mean,986.4163818359375
Yukon,ria_ha_usu_mean,23447.673828125
Yukon,riv_tc_ssu_mean,34397.69140625
Yukon,riv_tc_usu_mean,614872.0
Yukon,gwt_cm_sav_mean,205.7299703264095
Yukon,ele_mt_sav_mean,668.4005934718101
Yukon,ele_mt_uav_mean,859.7922848664689
Yukon,ele_mt_smn_mean,292.4005934718101
Yukon,ele_mt_smx_mean,1520.5222551928784
Yukon,slp_dg_sav_mean,92.58456973293768
Yukon,slp_dg_uav_mean,111.56676557863501
Yukon,sgr_dk_sav_mean,177.97626112759644
Yukon,sample_columns,"['HYBAS_ID', 'NEXT_DOWN', 'NEXT_SINK', 'MAIN_BAS', 'DIST_SINK', 'DIST_MAIN', 'SUB_AREA', 'UP_AREA', 'PFAF_ID', 'ENDO', 'COAST', 'ORDER_', 'SORT', 'dis_m3_pyr', 'dis_m3_pmn', 'dis_m3_pmx', 'run_mm_syr', 'inu_pc_smn', 'inu_pc_umn', 'inu_pc_smx', 'inu_pc_umx', 'inu_pc_slt', 'inu_pc_ult', 'lka_pc_sse', 'lka_pc_use', 'lkv_mc_usu', 'rev_mc_usu', 'dor_pc_pva', 'ria_ha_ssu', 'ria_ha_usu', 'riv_tc_ssu', 'riv_tc_usu', 'gwt_cm_sav', 'ele_mt_sav', 'ele_mt_uav', 'ele_mt_smn', 'ele_mt_smx', 'slp_dg_sav', 'slp_dg_uav', 'sgr_dk_sav']"
Mackenzie,rows_matched,805
Mackenzie,columns_available,121
Mackenzie,HYBAS_ID_mean,8070270548.049689
Mackenzie,NEXT_DOWN_mean,8070269519.229814
Mackenzie,NEXT_SINK_mean,8070009560.0
Mackenzie,MAIN_BAS_mean,8070009560.0
Mackenzie,DIST_SINK_mean,2321.991801242236
Mackenzie,DIST_MAIN_mean,2321.991801242236
Mackenzie,SUB_AREA_mean,2132.7001242236024
Mackenzie,UP_AREA_mean,93675.45602484471
Mackenzie,PFAF_ID_mean,8226158.904347826
Mackenzie,ENDO_mean,0.0
Mackenzie,COAST_mean,0.0
Mackenzie,ORDER__mean,2.8111801242236023
Mackenzie,SORT_mean,54261.406211180125
Mackenzie,dis_m3_pyr_mean,518.595947265625
Mackenzie,dis_m3_pmn_mean,297.36212158203125
Mackenzie,dis_m3_pmx_mean,960.0097045898438
Mackenzie,run_mm_syr_mean,187.11801242236024
Mackenzie,inu_pc_smn_mean,14.442236024844721
Mackenzie,inu_pc_umn_mean,10.428571428571429
Mackenzie,inu_pc_smx_mean,17.54534161490683
Mackenzie,inu_pc_umx_mean,13.481987577639751
Mackenzie,inu_pc_slt_mean,29.511801242236025
Mackenzie,inu_pc_ult_mean,22.888198757763973
Mackenzie,lka_pc_sse_mean,97.82857142857142
Mackenzie,lka_pc_use_mean,74.91428571428571
Mackenzie,lkv_mc_usu_mean,197246.049689441
Mackenzie,rev_mc_usu_mean,6113.867080745342
Mackenzie,dor_pc_pva_mean,61.68695652173913
Mackenzie,ria_ha_ssu_mean,609.4779663085938
Mackenzie,ria_ha_usu_mean,23924.458984375
Mackenzie,riv_tc_ssu_mean,20626.763671875
Mackenzie,riv_tc_usu_mean,669617.375
Mackenzie,gwt_cm_sav_mean,108.57018633540373
Mackenzie,ele_mt_sav_mean,605.5068322981366
Mackenzie,ele_mt_uav_mean,736.5118012422361
Mackenzie,ele_mt_smn_mean,359.35155279503107
Mackenzie,ele_mt_smx_mean,1017.0732919254658
Mackenzie,slp_dg_sav_mean,47.48571428571429
Mackenzie,slp_dg_uav_mean,58.10062111801242
Mackenzie,sgr_dk_sav_mean,100.08944099378883
Mackenzie,sample_columns,"['HYBAS_ID', 'NEXT_DOWN', 'NEXT_SINK', 'MAIN_BAS', 'DIST_SINK', 'DIST_MAIN', 'SUB_AREA', 'UP_AREA', 'PFAF_ID', 'ENDO', 'COAST', 'ORDER_', 'SORT', 'dis_m3_pyr', 'dis_m3_pmn', 'dis_m3_pmx', 'run_mm_syr', 'inu_pc_smn', 'inu_pc_umn', 'inu_pc_smx', 'inu_pc_umx', 'inu_pc_slt', 'inu_pc_ult', 'lka_pc_sse', 'lka_pc_use', 'lkv_mc_usu', 'rev_mc_usu', 'dor_pc_pva', 'ria_ha_ssu', 'ria_ha_usu', 'riv_tc_ssu', 'riv_tc_usu', 'gwt_cm_sav', 'ele_mt_sav', 'ele_mt_uav', 'ele_mt_smn', 'ele_mt_smx', 'slp_dg_sav', 'slp_dg_uav', 'sgr_dk_sav']"
