source_field,attribute_name,attribute_category,aggregation_method,model_use,mechanism_use,needs_area_weighted_refinement,notes
HYBAS_ID_mean,HYBAS_ID,other,simple_mean_from_upstream_subbasins,False,False,True,Curated from HydroATLAS upstream summary; ID/topology fields excluded from predictors.
NEXT_DOWN_mean,NEXT_DOWN,other,simple_mean_from_upstream_subbasins,False,False,True,Curated from HydroATLAS upstream summary; ID/topology fields excluded from predictors.
NEXT_SINK_mean,NEXT_SINK,other,simple_mean_from_upstream_subbasins,False,False,True,Curated from HydroATLAS upstream summary; ID/topology fields excluded from predictors.
MAIN_BAS_mean,MAIN_BAS,other,simple_mean_from_upstream_subbasins,False,False,True,Curated from HydroATLAS upstream summary; ID/topology fields excluded from predictors.
DIST_SINK_mean,DIST_SINK,other,simple_mean_from_upstream_subbasins,False,False,True,Curated from HydroATLAS upstream summary; ID/topology fields excluded from predictors.
DIST_MAIN_mean,DIST_MAIN,other,simple_mean_from_upstream_subbasins,False,False,True,Curated from HydroATLAS upstream summary; ID/topology fields excluded from predictors.
SUB_AREA_mean,SUB_AREA,physiography,simple_mean_from_upstream_subbasins,True,True,True,Curated from HydroATLAS upstream summary; ID/topology fields excluded from predictors.
UP_AREA_mean,UP_AREA,physiography,simple_mean_from_upstream_subbasins,True,True,True,Curated from HydroATLAS upstream summary; ID/topology fields excluded from predictors.
PFAF_ID_mean,PFAF_ID,other,simple_mean_from_upstream_subbasins,False,False,True,Curated from HydroATLAS upstream summary; ID/topology fields excluded from predictors.
ENDO_mean,ENDO,other,simple_mean_from_upstream_subbasins,False,False,True,Curated from HydroATLAS upstream summary; ID/topology fields excluded from predictors.
COAST_mean,COAST,other,simple_mean_from_upstream_subbasins,False,False,True,Curated from HydroATLAS upstream summary; ID/topology fields excluded from predictors.
ORDER__mean,ORDER,other,simple_mean_from_upstream_subbasins,False,False,True,Curated from HydroATLAS upstream summary; ID/topology fields excluded from predictors.
SORT_mean,SORT,other,simple_mean_from_upstream_subbasins,False,False,True,Curated from HydroATLAS upstream summary; ID/topology fields excluded from predictors.
dis_m3_pyr_mean,dis_m3_pyr,hydrology,simple_mean_from_upstream_subbasins,True,True,True,Curated from HydroATLAS upstream summary; ID/topology fields excluded from predictors.
dis_m3_pmn_mean,dis_m3_pmn,hydrology,simple_mean_from_upstream_subbasins,True,True,True,Curated from HydroATLAS upstream summary; ID/topology fields excluded from predictors.
dis_m3_pmx_mean,dis_m3_pmx,hydrology,simple_mean_from_upstream_subbasins,True,True,True,Curated from HydroATLAS upstream summary; ID/topology fields excluded from predictors.
run_mm_syr_mean,run_mm_syr,hydrology,simple_mean_from_upstream_subbasins,True,True,True,Curated from HydroATLAS upstream summary; ID/topology fields excluded from predictors.
inu_pc_smn_mean,inu_pc_smn,hydrology,simple_mean_from_upstream_subbasins,True,True,True,Curated from HydroATLAS upstream summary; ID/topology fields excluded from predictors.
inu_pc_umn_mean,inu_pc_umn,hydrology,simple_mean_from_upstream_subbasins,True,True,True,Curated from HydroATLAS upstream summary; ID/topology fields excluded from predictors.
inu_pc_smx_mean,inu_pc_smx,hydrology,simple_mean_from_upstream_subbasins,True,True,True,Curated from HydroATLAS upstream summary; ID/topology fields excluded from predictors.
inu_pc_umx_mean,inu_pc_umx,hydrology,simple_mean_from_upstream_subbasins,True,True,True,Curated from HydroATLAS upstream summary; ID/topology fields excluded from predictors.
inu_pc_slt_mean,inu_pc_slt,hydrology,simple_mean_from_upstream_subbasins,True,True,True,Curated from HydroATLAS upstream summary; ID/topology fields excluded from predictors.
inu_pc_ult_mean,inu_pc_ult,hydrology,simple_mean_from_upstream_subbasins,True,True,True,Curated from HydroATLAS upstream summary; ID/topology fields excluded from predictors.
lka_pc_sse_mean,lka_pc_sse,water_lake,simple_mean_from_upstream_subbasins,True,True,True,Curated from HydroATLAS upstream summary; ID/topology fields excluded from predictors.
lka_pc_use_mean,lka_pc_use,water_lake,simple_mean_from_upstream_subbasins,True,True,True,Curated from HydroATLAS upstream summary; ID/topology fields excluded from predictors.
lkv_mc_usu_mean,lkv_mc_usu,water_lake,simple_mean_from_upstream_subbasins,True,True,True,Curated from HydroATLAS upstream summary; ID/topology fields excluded from predictors.
rev_mc_usu_mean,rev_mc_usu,hydrology,simple_mean_from_upstream_subbasins,True,True,True,Curated from HydroATLAS upstream summary; ID/topology fields excluded from predictors.
dor_pc_pva_mean,dor_pc_pva,hydrology,simple_mean_from_upstream_subbasins,True,True,True,Curated from HydroATLAS upstream summary; ID/topology fields excluded from predictors.
ria_ha_ssu_mean,ria_ha_ssu,hydrology,simple_mean_from_upstream_subbasins,True,True,True,Curated from HydroATLAS upstream summary; ID/topology fields excluded from predictors.
ria_ha_usu_mean,ria_ha_usu,hydrology,simple_mean_from_upstream_subbasins,True,True,True,Curated from HydroATLAS upstream summary; ID/topology fields excluded from predictors.
riv_tc_ssu_mean,riv_tc_ssu,hydrology,simple_mean_from_upstream_subbasins,True,True,True,Curated from HydroATLAS upstream summary; ID/topology fields excluded from predictors.
riv_tc_usu_mean,riv_tc_usu,hydrology,simple_mean_from_upstream_subbasins,True,True,True,Curated from HydroATLAS upstream summary; ID/topology fields excluded from predictors.
gwt_cm_sav_mean,gwt_cm_sav,physiography,simple_mean_from_upstream_subbasins,True,True,True,Curated from HydroATLAS upstream summary; ID/topology fields excluded from predictors.
ele_mt_sav_mean,ele_mt_sav,physiography,simple_mean_from_upstream_subbasins,True,True,True,Curated from HydroATLAS upstream summary; ID/topology fields excluded from predictors.
ele_mt_uav_mean,ele_mt_uav,physiography,simple_mean_from_upstream_subbasins,True,True,True,Curated from HydroATLAS upstream summary; ID/topology fields excluded from predictors.
ele_mt_smn_mean,ele_mt_smn,physiography,simple_mean_from_upstream_subbasins,True,True,True,Curated from HydroATLAS upstream summary; ID/topology fields excluded from predictors.
ele_mt_smx_mean,ele_mt_smx,physiography,simple_mean_from_upstream_subbasins,True,True,True,Curated from HydroATLAS upstream summary; ID/topology fields excluded from predictors.
slp_dg_sav_mean,slp_dg_sav,physiography,simple_mean_from_upstream_subbasins,True,True,True,Curated from HydroATLAS upstream summary; ID/topology fields excluded from predictors.
slp_dg_uav_mean,slp_dg_uav,physiography,simple_mean_from_upstream_subbasins,True,True,True,Curated from HydroATLAS upstream summary; ID/topology fields excluded from predictors.
sgr_dk_sav_mean,sgr_dk_sav,physiography,simple_mean_from_upstream_subbasins,True,True,True,Curated from HydroATLAS upstream summary; ID/topology fields excluded from predictors.
